source,target,score
14852,49703,0.737984496124031
14852,49704,0.8480620155038759
14852,49705,0.8527131782945736
14852,49706,0.8418604651162791
14852,29740,0.7984496124031008
14852,15406,0.8604651162790697
14852,40501,0.8372093023255814
14852,29754,0.8666666666666667
14852,14910,0.7224806201550388
14852,15429,0.8558139534883721
14852,14921,0.9007751937984496
14852,29369,0.8744186046511628
14852,29548,0.8558139534883721
14852,15501,0.9116279069767442
14852,49306,0.8883720930232558
14852,49307,0.8868217054263566
14852,29345,0.9007751937984496
14503,14852,0.8806201550387597
14506,14852,0.8356589147286821
14852,15020,0.7643410852713178
14009,14852,0.896124031007752
14852,15039,0.6883720930232559
14031,14852,0.8356589147286821
14852,29909,0.8914728682170543
14852,49700,0.8790697674418605
14852,29918,0.8542635658914729
14852,29936,0.8527131782945736
14852,15633,0.8589147286821706
14103,14852,0.8542635658914729
14852,29148,0.8868217054263566
14661,14852,0.689922480620155
14852,29512,0.8914728682170543
12109,14852,0.8713178294573644
14852,29523,0.8651162790697674
14852,15701,0.8682170542635659
14852,49502,0.889922480620155
14852,29537,0.8372093023255814
14852,40300,0.8527131782945736
14852,40302,0.8031007751937984
14852,40303,0.8914728682170543
14852,40304,0.8728682170542635
14852,40305,0.8821705426356589
14852,29555,0.813953488372093
14712,14852,0.8418604651162791
14852,29566,0.8031007751937984
14852,15424,0.8480620155038759
14226,14852,0.9085271317829458
14852,49903,0.8186046511627907
14852,29108,0.8775193798449612
14852,94659,0.8930232558139535
14852,29141,0.8294573643410853
14809,14852,0.8744186046511628
14826,14852,0.8108527131782945
14852,40103,0.7255813953488373
14858,15704,0.8
14858,14871,0.8806201550387597
14858,94240,0.8031007751937984
14858,29732,0.8821705426356589
14858,49702,0.7751937984496124
14858,40500,0.8449612403100775
14858,40502,0.8868217054263566
10808,14858,0.8775193798449612
14400,14858,0.8558139534883721
14858,15425,0.8186046511627907
14858,14914,0.8945736434108527
14858,14920,0.8713178294573644
14858,14922,0.7007751937984497
14440,14858,0.8666666666666667
14858,29305,0.8434108527131783
14858,15502,0.765891472868217
14858,49300,0.8930232558139535
14858,49308,0.8806201550387597
14858,49309,0.8077519379844961
14858,15011,0.8697674418604651
14858,40101,0.8356589147286821
14858,40105,0.9271317829457364
14858,15021,0.8868217054263566
14858,29373,0.8422939068100358
4812,14858,0.7798449612403101
14858,15054,0.8914728682170543
14858,49901,0.8697674418604651
13039,14858,0.8992248062015504
14858,49905,0.6604651162790698
14101,14858,0.786046511627907
14858,15015,0.8124031007751938
14651,14858,0.8325581395348837
1366,14858,0.7612403100775194
14858,15703,0.8728682170542635
14858,14912,0.8201550387596899
14858,40301,0.8232558139534883
14709,14858,0.8914728682170543
14203,14858,0.7627906976744186
14213,14858,0.8527131782945736
14858,39310,0.8666666666666667
14230,14858,0.8496124031007752
14858,29142,0.8976744186046511
14812,14858,0.8155038759689922
14307,14858,0.8744186046511628
14871,15704,0.8031007751937984
15704,94240,0.765891472868217
15704,29732,0.7891472868217054
15704,49702,0.7317829457364341
15704,40500,0.8031007751937984
15704,40502,0.813953488372093
10808,15704,0.786046511627907
14400,15704,0.7984496124031008
15425,15704,0.7457364341085271
14914,15704,0.8186046511627907
14920,15704,0.7906976744186046
14440,15704,0.7705426356589147
15704,29305,0.7751937984496124
15502,15704,0.7069767441860465
15704,49300,0.8031007751937984
15704,49308,0.8186046511627907
15704,49309,0.7550387596899225
15011,15704,0.7751937984496124
15704,40101,0.7441860465116279
15704,40105,0.7891472868217054
15021,15704,0.7968992248062016
15704,29373,0.7562724014336918
4812,15704,0.7178294573643411
15054,15704,0.8155038759689922
15704,49901,0.8
13039,15704,0.813953488372093
15704,49905,0.6573643410852713
14101,15704,0.7441860465116279
15015,15704,0.7689922480620155
14651,15704,0.7798449612403101
1366,15704,0.7069767441860465
15703,15704,0.8155038759689922
14912,15704,0.7782945736434108
15704,40301,0.7829457364341085
14709,15704,0.8186046511627907
14203,15704,0.7348837209302326
14213,15704,0.8046511627906977
15704,39310,0.8170542635658915
14230,15704,0.7689922480620155
15704,29142,0.8248062015503876
14812,15704,0.7286821705426356
14307,15704,0.7984496124031008
14871,94240,0.8170542635658915
14871,29732,0.875968992248062
14871,49702,0.751937984496124
14871,40500,0.8217054263565892
14871,40502,0.8852713178294573
10808,14871,0.8806201550387597
14400,14871,0.8542635658914729
14871,15425,0.8031007751937984
14871,14914,0.8697674418604651
14871,14920,0.8573643410852713
14871,14922,0.6821705426356589
14440,14871,0.8496124031007752
14871,29305,0.8186046511627907
14871,15502,0.7674418604651163
14871,49300,0.8790697674418605
14871,49308,0.9100775193798449
14871,49309,0.8527131782945736
14871,15011,0.8697674418604651
14871,40101,0.8418604651162791
14871,40105,0.8682170542635659
14871,15021,0.8914728682170543
14871,29373,0.8458781362007168
4812,14871,0.7813953488372093
14871,15054,0.8744186046511628
14871,49901,0.8511627906976744
13039,14871,0.8930232558139535
14871,49905,0.6589147286821705
14101,14871,0.7984496124031008
14871,15015,0.8201550387596899
14651,14871,0.8170542635658915
1366,14871,0.7844961240310078
14871,15703,0.8682170542635659
14871,14912,0.8387596899224806
14871,40301,0.8
14709,14871,0.8992248062015504
14203,14871,0.7488372093023256
14213,14871,0.8480620155038759
14871,39310,0.8930232558139535
14230,14871,0.8790697674418605
14871,29142,0.9023255813953488
14812,14871,0.8124031007751938
14307,14871,0.8945736434108527
29732,94240,0.8046511627906977
49702,94240,0.7302325581395349
40500,94240,0.7875968992248062
40502,94240,0.834108527131783
10808,94240,0.834108527131783
14400,94240,0.8294573643410853
15425,94240,0.7891472868217054
14914,94240,0.8465116279069768
14920,94240,0.8186046511627907
14440,94240,0.8077519379844961
29305,94240,0.7906976744186046
15502,94240,0.7441860465116279
49300,94240,0.8170542635658915
49308,94240,0.8511627906976744
49309,94240,0.8015503875968992
15011,94240,0.7968992248062016
40101,94240,0.7968992248062016
40105,94240,0.8108527131782945
15021,94240,0.8418604651162791
29373,94240,0.8028673835125448
4812,94240,0.7333333333333333
15054,94240,0.8403100775193798
49901,94240,0.7922480620155039
13039,94240,0.8403100775193798
14101,94240,0.7689922480620155
15015,94240,0.7813953488372093
14651,94240,0.7472868217054264
1366,94240,0.7317829457364341
15703,94240,0.8124031007751938
14912,94240,0.8124031007751938
40301,94240,0.7891472868217054
14709,94240,0.8356589147286821
14203,94240,0.7410852713178294
14213,94240,0.8232558139534883
39310,94240,0.8232558139534883
14230,94240,0.8325581395348837
29142,94240,0.8558139534883721
14812,94240,0.7782945736434108
14307,94240,0.8713178294573644
29732,49702,0.8031007751937984
29732,40500,0.8635658914728682
29732,40502,0.8868217054263566
10808,29732,0.8573643410852713
14400,29732,0.8449612403100775
15425,29732,0.8542635658914729
14914,29732,0.8682170542635659
14920,29732,0.8651162790697674
14922,29732,0.6992248062015504
14440,29732,0.8604651162790697
29305,29732,0.8511627906976744
15502,29732,0.7782945736434108
29732,49300,0.8744186046511628
29732,49308,0.8728682170542635
29732,49309,0.8217054263565892
15011,29732,0.8542635658914729
29732,40101,0.8558139534883721
29732,40105,0.8930232558139535
15021,29732,0.8821705426356589
29373,29732,0.8387096774193549
4812,29732,0.7782945736434108
15054,29732,0.8790697674418605
29732,49901,0.8821705426356589
13039,29732,0.8744186046511628
14101,29732,0.8093023255813954
15015,29732,0.8232558139534883
14651,29732,0.8387596899224806
1366,29732,0.7922480620155039
15703,29732,0.8852713178294573
14912,29732,0.8294573643410853
29732,40301,0.8310077519379845
14709,29732,0.9069767441860465
14203,29732,0.7829457364341085
14213,29732,0.834108527131783
29732,39310,0.8697674418604651
14230,29732,0.8511627906976744
29142,29732,0.8806201550387597
14812,29732,0.834108527131783
14307,29732,0.8635658914728682
40500,49702,0.8062015503875969
40502,49702,0.7767441860465116
10808,49702,0.7472868217054264
14400,49702,0.7705426356589147
15425,49702,0.7953488372093023
14914,49702,0.765891472868217
14920,49702,0.7612403100775194
14440,49702,0.7674418604651163
29305,49702,0.8046511627906977
15502,49702,0.7503875968992249
49300,49702,0.7829457364341085
49308,49702,0.7829457364341085
49309,49702,0.7069767441860465
15011,49702,0.7255813953488373
40101,49702,0.7488372093023256
40105,49702,0.7813953488372093
15021,49702,0.7705426356589147
29373,49702,0.7526881720430108
4812,49702,0.7193798449612403
15054,49702,0.8015503875968992
49702,49901,0.7782945736434108
13039,49702,0.772093023255814
14101,49702,0.6992248062015504
15015,49702,0.7503875968992249
14651,49702,0.7875968992248062
1366,49702,0.7488372093023256
15703,49702,0.7968992248062016
14912,49702,0.7596899224806202
40301,49702,0.8248062015503876
14709,49702,0.7875968992248062
14203,49702,0.765891472868217
14213,49702,0.7302325581395349
39310,49702,0.7813953488372093
14230,49702,0.7426356589147287
29142,49702,0.7674418604651163
14812,49702,0.7581395348837209
14307,49702,0.7705426356589147
40103,49702,0.6651162790697674
49703,49704,0.7271317829457364
49703,49705,0.8
49703,49706,0.6697674418604651
29740,49703,0.6945736434108527
15406,49703,0.6775193798449612
40501,49703,0.724031007751938
29754,49703,0.737984496124031
14910,49703,0.7891472868217054
15429,49703,0.7007751937984497
14921,49703,0.7395348837209302
29369,49703,0.7674418604651163
29548,49703,0.703875968992248
15501,49703,0.7441860465116279
49306,49703,0.7457364341085271
49307,49703,0.7426356589147287
29345,49703,0.7193798449612403
14503,49703,0.7255813953488373
14506,49703,0.7875968992248062
15020,49703,0.7906976744186046
14009,49703,0.737984496124031
15039,49703,0.6728682170542636
14031,49703,0.6961240310077519
29909,49703,0.7162790697674418
49700,49703,0.6868217054263566
29918,49703,0.6868217054263566
29936,49703,0.6883720930232559
49703,49905,0.7472868217054264
15633,49703,0.689922480620155
14103,49703,0.7302325581395349
29148,49703,0.7302325581395349
15015,49703,0.6713178294573643
14661,49703,0.9116279069767442
29512,49703,0.710077519379845
12109,49703,0.7643410852713178
29523,49703,0.7286821705426356
15701,49703,0.7193798449612403
49502,49703,0.7286821705426356
29537,49703,0.7054263565891473
40300,49703,0.7581395348837209
40301,49703,0.648062015503876
40302,49703,0.8062015503875969
40303,49703,0.7410852713178294
40304,49703,0.7348837209302326
40305,49703,0.6961240310077519
29555,49703,0.6759689922480621
14712,49703,0.7643410852713178
29566,49703,0.7209302325581395
15424,49703,0.6697674418604651
14226,49703,0.7395348837209302
49703,49903,0.7302325581395349
29108,49703,0.7131782945736435
49703,94659,0.7209302325581395
29141,49703,0.7085271317829457
14809,49703,0.7271317829457364
14826,49703,0.7224806201550388
40103,49703,0.7193798449612403
49704,49705,0.8232558139534883
49704,49706,0.834108527131783
29740,49704,0.7953488372093023
15406,49704,0.8434108527131783
40501,49704,0.8558139534883721
29754,49704,0.8201550387596899
14910,49704,0.7441860465116279
15429,49704,0.8372093023255814
14921,49704,0.8868217054263566
29369,49704,0.8062015503875969
29548,49704,0.8387596899224806
15501,49704,0.8666666666666667
49306,49704,0.8387596899224806
49307,49704,0.8589147286821706
29345,49704,0.8589147286821706
14503,49704,0.8527131782945736
14506,49704,0.875968992248062
15020,49704,0.765891472868217
14009,49704,0.8589147286821706
15039,49704,0.7550387596899225
14031,49704,0.786046511627907
29909,49704,0.8449612403100775
49700,49704,0.834108527131783
29918,49704,0.7875968992248062
29936,49704,0.8372093023255814
15633,49704,0.8356589147286821
14103,49704,0.8465116279069768
29148,49704,0.8527131782945736
14661,49704,0.6821705426356589
29512,49704,0.8387596899224806
12109,49704,0.8697674418604651
29523,49704,0.8821705426356589
15701,49704,0.827906976744186
49502,49704,0.8883720930232558
29537,49704,0.8170542635658915
40300,49704,0.8511627906976744
40302,49704,0.7829457364341085
40303,49704,0.8465116279069768
40304,49704,0.8527131782945736
40305,49704,0.834108527131783
29555,49704,0.7937984496124031
14712,49704,0.8418604651162791
29566,49704,0.8511627906976744
15424,49704,0.8062015503875969
14226,49704,0.8651162790697674
49704,49903,0.8403100775193798
29108,49704,0.8496124031007752
49704,94659,0.834108527131783
29141,49704,0.8031007751937984
14809,49704,0.8651162790697674
14826,49704,0.8201550387596899
40103,49704,0.6821705426356589
49705,49706,0.7829457364341085
29740,49705,0.7689922480620155
15406,49705,0.7813953488372093
40501,49705,0.8108527131782945
29754,49705,0.8217054263565892
14910,49705,0.772093023255814
15429,49705,0.7798449612403101
14921,49705,0.8418604651162791
29369,49705,0.8294573643410853
29548,49705,0.7937984496124031
15501,49705,0.8496124031007752
49306,49705,0.8480620155038759
49307,49705,0.8589147286821706
29345,49705,0.827906976744186
14503,49705,0.8356589147286821
14506,49705,0.8403100775193798
15020,49705,0.7891472868217054
14009,49705,0.8558139534883721
15039,49705,0.6976744186046512
14031,49705,0.7813953488372093
29909,49705,0.8108527131782945
49700,49705,0.7984496124031008
29918,49705,0.7689922480620155
29936,49705,0.7767441860465116
49705,49905,0.6666666666666666
15633,49705,0.7829457364341085
14103,49705,0.8356589147286821
29148,49705,0.8108527131782945
14661,49705,0.7596899224806202
29512,49705,0.8093023255813954
12109,49705,0.862015503875969
29523,49705,0.8031007751937984
15701,49705,0.8248062015503876
49502,49705,0.8403100775193798
29537,49705,0.7829457364341085
40300,49705,0.8527131782945736
40302,49705,0.8449612403100775
40303,49705,0.8248062015503876
40304,49705,0.834108527131783
40305,49705,0.8062015503875969
29555,49705,0.7488372093023256
14712,49705,0.8155038759689922
29566,49705,0.7705426356589147
15424,49705,0.7612403100775194
14226,49705,0.8542635658914729
49705,49903,0.7875968992248062
29108,49705,0.8124031007751938
49705,94659,0.827906976744186
29141,49705,0.8
14809,49705,0.8232558139534883
14826,49705,0.7767441860465116
40103,49705,0.7147286821705426
29740,49706,0.7875968992248062
15406,49706,0.834108527131783
40501,49706,0.7984496124031008
29754,49706,0.8310077519379845
14910,49706,0.6697674418604651
15429,49706,0.8387596899224806
14921,49706,0.8682170542635659
29369,49706,0.7891472868217054
29548,49706,0.8310077519379845
15501,49706,0.8403100775193798
49306,49706,0.8201550387596899
49307,49706,0.8248062015503876
29345,49706,0.8821705426356589
14503,49706,0.8232558139534883
14506,49706,0.7891472868217054
15020,49706,0.7007751937984497
14009,49706,0.8294573643410853
15039,49706,0.6945736434108527
14031,49706,0.786046511627907
29909,49706,0.8542635658914729
49700,49706,0.8573643410852713
29918,49706,0.8031007751937984
29936,49706,0.8418604651162791
15633,49706,0.8821705426356589
14103,49706,0.813953488372093
29148,49706,0.8403100775193798
29512,49706,0.8403100775193798
12109,49706,0.8046511627906977
29523,49706,0.834108527131783
15701,49706,0.8263565891472868
49502,49706,0.8449612403100775
29537,49706,0.8232558139534883
40300,49706,0.786046511627907
40302,49706,0.7209302325581395
40303,49706,0.8356589147286821
40304,49706,0.8325581395348837
40305,49706,0.8465116279069768
29555,49706,0.8201550387596899
14712,49706,0.7751937984496124
29566,49706,0.7968992248062016
15424,49706,0.827906976744186
14226,49706,0.8511627906976744
49706,49903,0.7689922480620155
29108,49706,0.8496124031007752
49706,94659,0.834108527131783
29141,49706,0.7984496124031008
14809,49706,0.8589147286821706
14826,49706,0.7922480620155039
40103,49706,0.6635658914728683
15406,29740,0.7953488372093023
29740,40501,0.7581395348837209
29740,29754,0.7875968992248062
14910,29740,0.6511627906976745
15429,29740,0.862015503875969
14921,29740,0.8248062015503876
29369,29740,0.7565891472868217
29548,29740,0.827906976744186
15501,29740,0.7937984496124031
29740,49306,0.7751937984496124
29740,49307,0.7751937984496124
29345,29740,0.8108527131782945
14503,29740,0.7736434108527132
14506,29740,0.7534883720930232
15020,29740,0.6790697674418604
14009,29740,0.7751937984496124
15039,29740,0.7410852713178294
14031,29740,0.7395348837209302
29740,29909,0.8124031007751938
29740,49700,0.8232558139534883
29740,29918,0.7581395348837209
29740,29936,0.8449612403100775
15633,29740,0.786046511627907
14103,29740,0.7441860465116279
29148,29740,0.8031007751937984
29512,29740,0.7937984496124031
12109,29740,0.7612403100775194
29523,29740,0.7953488372093023
15701,29740,0.7627906976744186
29740,49502,0.8170542635658915
29537,29740,0.8294573643410853
29740,40300,0.7550387596899225
29740,40302,0.703875968992248
29740,40303,0.7906976744186046
29740,40304,0.8031007751937984
29740,40305,0.8124031007751938
29555,29740,0.8201550387596899
14712,29740,0.7317829457364341
29566,29740,0.7813953488372093
15424,29740,0.7829457364341085
14226,29740,0.8155038759689922
29740,49903,0.7534883720930232
29108,29740,0.8294573643410853
29740,94659,0.7612403100775194
29141,29740,0.7798449612403101
14809,29740,0.7891472868217054
14826,29740,0.8635658914728682
15406,40501,0.8263565891472868
15406,29754,0.8294573643410853
14910,15406,0.6837209302325581
15406,15429,0.862015503875969
14921,15406,0.9069767441860465
15406,29369,0.8062015503875969
15406,29548,0.8666666666666667
15406,15501,0.8589147286821706
15406,49306,0.834108527131783
15406,49307,0.8511627906976744
15406,29345,0.8868217054263566
14503,15406,0.8573643410852713
14506,15406,0.7906976744186046
15020,15406,0.7054263565891473
14009,15406,0.8542635658914729
15039,15406,0.7069767441860465
14031,15406,0.8124031007751938
15406,29909,0.8868217054263566
15406,49700,0.8837209302325582
15406,29918,0.834108527131783
15406,29936,0.8713178294573644
15406,15633,0.8527131782945736
14103,15406,0.8170542635658915
15406,29148,0.8728682170542635
15406,29512,0.8713178294573644
12109,15406,0.8248062015503876
15406,29523,0.8403100775193798
15406,15701,0.8434108527131783
15406,49502,0.8837209302325582
15406,29537,0.8449612403100775
15406,40300,0.8124031007751938
15406,40302,0.7395348837209302
15406,40303,0.8682170542635659
15406,40304,0.8465116279069768
15406,40305,0.8697674418604651
15406,29555,0.8310077519379845
14712,15406,0.7968992248062016
15406,29566,0.8248062015503876
15406,15424,0.8651162790697674
14226,15406,0.875968992248062
15406,49903,0.7922480620155039
15406,29108,0.8852713178294573
15406,94659,0.8697674418604651
15406,29141,0.8248062015503876
14809,15406,0.862015503875969
14826,15406,0.8217054263565892
15406,40103,0.6744186046511628
40500,40502,0.8496124031007752
10808,40500,0.827906976744186
14400,40500,0.834108527131783
15425,40500,0.8558139534883721
14914,40500,0.8310077519379845
14920,40500,0.834108527131783
14922,40500,0.7023255813953488
14440,40500,0.8232558139534883
29305,40500,0.8589147286821706
15502,40500,0.8046511627906977
40500,49300,0.8387596899224806
40500,49308,0.8403100775193798
40500,49309,0.7829457364341085
15011,40500,0.8108527131782945
40101,40500,0.8155038759689922
40105,40500,0.8558139534883721
15021,40500,0.8387596899224806
29373,40500,0.8279569892473119
4812,40500,0.7643410852713178
15054,40500,0.8868217054263566
40500,49901,0.8449612403100775
13039,40500,0.8372093023255814
40500,49905,0.6589147286821705
14101,40500,0.7627906976744186
15015,40500,0.8093023255813954
14651,40500,0.827906976744186
1366,40500,0.7798449612403101
15703,40500,0.8558139534883721
14912,40500,0.8449612403100775
40301,40500,0.8666666666666667
14709,40500,0.8589147286821706
14203,40500,0.7813953488372093
14213,40500,0.8
39310,40500,0.8511627906976744
14230,40500,0.8232558139534883
29142,40500,0.8465116279069768
14812,40500,0.8201550387596899
14307,40500,0.8434108527131783
40103,40500,0.6775193798449612
29754,40501,0.8170542635658915
14910,40501,0.7457364341085271
15429,40501,0.8310077519379845
14921,40501,0.8635658914728682
29369,40501,0.7984496124031008
29548,40501,0.8170542635658915
15501,40501,0.8387596899224806
40501,49306,0.8558139534883721
40501,49307,0.8635658914728682
29345,40501,0.8465116279069768
14503,40501,0.8232558139534883
14506,40501,0.8356589147286821
15020,40501,0.765891472868217
14009,40501,0.8356589147286821
15039,40501,0.7488372093023256
14031,40501,0.7968992248062016
29909,40501,0.8496124031007752
40501,49700,0.8186046511627907
29918,40501,0.827906976744186
29936,40501,0.8124031007751938
15633,40501,0.8046511627906977
14103,40501,0.8294573643410853
29148,40501,0.8558139534883721
14661,40501,0.6883720930232559
29512,40501,0.8434108527131783
12109,40501,0.8496124031007752
29523,40501,0.8589147286821706
15701,40501,0.8217054263565892
40501,49502,0.8480620155038759
29537,40501,0.7906976744186046
40300,40501,0.8465116279069768
40302,40501,0.7767441860465116
40303,40501,0.8449612403100775
40304,40501,0.8170542635658915
40305,40501,0.8403100775193798
29555,40501,0.7751937984496124
14712,40501,0.8496124031007752
29566,40501,0.8201550387596899
15424,40501,0.7953488372093023
14226,40501,0.834108527131783
40501,49903,0.8046511627906977
29108,40501,0.8310077519379845
40501,94659,0.8372093023255814
29141,40501,0.8062015503875969
14809,40501,0.8589147286821706
14826,40501,0.7906976744186046
40103,40501,0.6604651162790698
10808,40502,0.8883720930232558
14400,40502,0.8697674418604651
15425,40502,0.8186046511627907
14914,40502,0.8790697674418605
14920,40502,0.889922480620155
14922,40502,0.6806201550387597
14440,40502,0.8666666666666667
29305,40502,0.8356589147286821
15502,40502,0.7798449612403101
40502,49300,0.8806201550387597
40502,49308,0.889922480620155
40502,49309,0.8434108527131783
15011,40502,0.8697674418604651
40101,40502,0.8558139534883721
40105,40502,0.8930232558139535
15021,40502,0.9441860465116279
29373,40502,0.8673835125448028
4812,40502,0.7844961240310078
15054,40502,0.8868217054263566
40502,49901,0.8682170542635659
13039,40502,0.896124031007752
40502,49905,0.6558139534883721
14101,40502,0.8
15015,40502,0.813953488372093
14651,40502,0.8263565891472868
1366,40502,0.7751937984496124
15703,40502,0.8883720930232558
14912,40502,0.8496124031007752
40301,40502,0.8155038759689922
14709,40502,0.896124031007752
14203,40502,0.765891472868217
14213,40502,0.8589147286821706
39310,40502,0.8992248062015504
14230,40502,0.8744186046511628
29142,40502,0.9116279069767442
14812,40502,0.8232558139534883
14307,40502,0.8883720930232558
10808,14400,0.896124031007752
10808,15425,0.8062015503875969
10808,14914,0.9085271317829458
10808,14920,0.875968992248062
10808,14922,0.6759689922480621
10808,14440,0.8697674418604651
10808,29305,0.8077519379844961
10808,15502,0.7503875968992249
10808,49300,0.8635658914728682
10808,49308,0.8744186046511628
10808,49309,0.8480620155038759
10808,15011,0.875968992248062
10808,40101,0.8496124031007752
10808,40105,0.8806201550387597
10808,15021,0.9038759689922481
10808,29373,0.8709677419354839
4812,10808,0.7875968992248062
10808,15054,0.8852713178294573
10808,49901,0.8418604651162791
10808,13039,0.9162790697674419
10808,14101,0.7937984496124031
10808,15015,0.7875968992248062
10808,14651,0.8015503875968992
1366,10808,0.7751937984496124
10808,15703,0.8387596899224806
10808,14912,0.8248062015503876
10808,40301,0.7953488372093023
10808,14709,0.8930232558139535
10808,14203,0.7410852713178294
10808,14213,0.8403100775193798
10808,39310,0.8542635658914729
10808,14230,0.8852713178294573
10808,29142,0.9209302325581395
10808,14812,0.8062015503875969
10808,14307,0.9116279069767442
14910,29754,0.710077519379845
15429,29754,0.8325581395348837
14921,29754,0.8589147286821706
29369,29754,0.862015503875969
29548,29754,0.8434108527131783
15501,29754,0.8480620155038759
29754,49306,0.862015503875969
29754,49307,0.8511627906976744
29345,29754,0.8883720930232558
14503,29754,0.8558139534883721
14506,29754,0.8062015503875969
15020,29754,0.737984496124031
14009,29754,0.834108527131783
15039,29754,0.6806201550387597
14031,29754,0.8217054263565892
29754,29909,0.8604651162790697
29754,49700,0.8558139534883721
29754,29918,0.8418604651162791
29754,29936,0.8372093023255814
15633,29754,0.8418604651162791
14103,29754,0.8155038759689922
29148,29754,0.8697674418604651
14661,29754,0.6961240310077519
29512,29754,0.8604651162790697
12109,29754,0.8170542635658915
29523,29754,0.8201550387596899
15701,29754,0.8542635658914729
29754,49502,0.8511627906976744
29537,29754,0.8263565891472868
29754,40300,0.8093023255813954
29754,40302,0.7813953488372093
29754,40303,0.8883720930232558
29754,40304,0.8248062015503876
29754,40305,0.8434108527131783
29555,29754,0.8248062015503876
14712,29754,0.8015503875968992
29566,29754,0.8031007751937984
15424,29754,0.834108527131783
14226,29754,0.8930232558139535
29754,49903,0.7922480620155039
29108,29754,0.8418604651162791
29754,94659,0.8496124031007752
29141,29754,0.8201550387596899
14809,29754,0.8635658914728682
14826,29754,0.7798449612403101
29754,40103,0.7271317829457364
14910,15429,0.6759689922480621
14910,14921,0.7302325581395349
14910,29369,0.7488372093023256
14910,29548,0.6821705426356589
14910,15501,0.737984496124031
14910,49306,0.7550387596899225
14910,49307,0.7534883720930232
14910,29345,0.7255813953488373
14503,14910,0.7426356589147287
14506,14910,0.786046511627907
14910,15020,0.7798449612403101
14009,14910,0.7426356589147287
14910,15039,0.648062015503876
14031,14910,0.6728682170542636
14910,29909,0.710077519379845
14910,49700,0.6713178294573643
14910,29918,0.6775193798449612
14910,29936,0.6635658914728683
14910,49905,0.6837209302325581
14910,15633,0.6744186046511628
14103,14910,0.7488372093023256
14910,29148,0.7271317829457364
14661,14910,0.7736434108527132
14910,29512,0.7007751937984497
12109,14910,0.7844961240310078
14910,29523,0.7317829457364341
14910,15701,0.7178294573643411
14910,49502,0.7271317829457364
14910,29537,0.6651162790697674
14910,40300,0.7782945736434108
14910,40302,0.7689922480620155
14910,40303,0.7286821705426356
14910,40304,0.737984496124031
14910,40305,0.6914728682170542
14910,29555,0.6496124031007752
14712,14910,0.7906976744186046
14910,29566,0.7178294573643411
14910,15424,0.6573643410852713
14226,14910,0.7178294573643411
14910,49903,0.7333333333333333
14910,29108,0.6976744186046512
14910,94659,0.7395348837209302
14910,29141,0.7302325581395349
14809,14910,0.7271317829457364
14826,14910,0.6759689922480621
14910,40103,0.6852713178294574
14400,15425,0.8108527131782945
14400,14914,0.8837209302325582
14400,14920,0.8558139534883721
14400,14922,0.6713178294573643
14400,14440,0.8666666666666667
14400,29305,0.8170542635658915
14400,15502,0.7488372093023256
14400,49300,0.8558139534883721
14400,49308,0.8806201550387597
14400,49309,0.8248062015503876
14400,15011,0.8496124031007752
14400,40101,0.8465116279069768
14400,40105,0.8542635658914729
14400,15021,0.8930232558139535
14400,29373,0.8422939068100358
4812,14400,0.813953488372093
14400,15054,0.8945736434108527
14400,49901,0.834108527131783
13039,14400,0.8914728682170543
14400,49905,0.6589147286821705
14101,14400,0.765891472868217
14400,15015,0.7782945736434108
14400,14651,0.7875968992248062
1366,14400,0.765891472868217
14400,15703,0.8449612403100775
14400,14912,0.8356589147286821
14400,40301,0.8155038759689922
14400,14709,0.8914728682170543
14203,14400,0.7565891472868217
14213,14400,0.8418604651162791
14400,39310,0.8573643410852713
14230,14400,0.8697674418604651
14400,29142,0.9069767441860465
14400,14812,0.8015503875968992
14307,14400,0.9023255813953488
14914,15425,0.8077519379844961
14920,15425,0.8062015503875969
14922,15425,0.6852713178294574
14440,15425,0.813953488372093
15425,29305,0.8527131782945736
15425,15502,0.8093023255813954
15425,49300,0.8294573643410853
15425,49308,0.8155038759689922
15425,49309,0.7736434108527132
15011,15425,0.7798449612403101
15425,40101,0.8108527131782945
15425,40105,0.8232558139534883
15021,15425,0.8248062015503876
15425,29373,0.8100358422939068
4812,15425,0.7457364341085271
15054,15425,0.8651162790697674
15425,49901,0.827906976744186
13039,15425,0.8248062015503876
15425,49905,0.6589147286821705
14101,15425,0.7689922480620155
15015,15425,0.8387596899224806
14651,15425,0.8093023255813954
14661,15425,0.6651162790697674
1366,15425,0.7953488372093023
15425,15703,0.8527131782945736
14912,15425,0.8294573643410853
15425,40301,0.8480620155038759
14709,15425,0.834108527131783
14203,15425,0.8046511627906977
14213,15425,0.7813953488372093
15425,39310,0.8124031007751938
14230,15425,0.8108527131782945
15425,29142,0.8387596899224806
14812,15425,0.8403100775193798
14307,15425,0.8403100775193798
15425,40103,0.689922480620155
14914,14920,0.8790697674418605
14914,14922,0.6728682170542636
14440,14914,0.8790697674418605
14914,29305,0.8108527131782945
14914,15502,0.7488372093023256
14914,49300,0.8666666666666667
14914,49308,0.8883720930232558
14914,49309,0.8263565891472868
14914,15011,0.8713178294573644
14914,40101,0.8372093023255814
14914,40105,0.889922480620155
14914,15021,0.9100775193798449
14914,29373,0.8853046594982079
4812,14914,0.786046511627907
14914,15054,0.8914728682170543
14914,49901,0.8310077519379845
13039,14914,0.9178294573643411
14101,14914,0.8077519379844961
14914,15015,0.7891472868217054
14651,14914,0.813953488372093
1366,14914,0.7581395348837209
14914,15703,0.8418604651162791
14912,14914,0.8201550387596899
14914,40301,0.8093023255813954
14709,14914,0.8852713178294573
14203,14914,0.7472868217054264
14213,14914,0.8496124031007752
14914,39310,0.8589147286821706
14230,14914,0.875968992248062
14914,29142,0.9209302325581395
14812,14914,0.8093023255813954
14307,14914,0.9007751937984496
14921,15429,0.8914728682170543
15429,29369,0.7937984496124031
15429,29548,0.8651162790697674
15429,15501,0.8434108527131783
15429,49306,0.8480620155038759
15429,49307,0.8403100775193798
15429,29345,0.8651162790697674
14503,15429,0.8294573643410853
14506,15429,0.8062015503875969
15020,15429,0.7069767441860465
14009,15429,0.8387596899224806
15039,15429,0.7751937984496124
14031,15429,0.7984496124031008
15429,29909,0.8790697674418605
15429,49700,0.8868217054263566
15429,29918,0.834108527131783
15429,29936,0.8976744186046511
15429,15633,0.8558139534883721
14103,15429,0.8015503875968992
15429,29148,0.8744186046511628
15429,29512,0.8635658914728682
12109,15429,0.8263565891472868
15429,29523,0.8496124031007752
15429,15701,0.8186046511627907
15429,49502,0.8806201550387597
15429,29537,0.8837209302325582
15429,40300,0.8062015503875969
15429,40302,0.7348837209302326
15429,40303,0.8573643410852713
15429,40304,0.862015503875969
15429,40305,0.8930232558139535
15429,29555,0.8604651162790697
14712,15429,0.7984496124031008
15429,29566,0.8387596899224806
15424,15429,0.8527131782945736
14226,15429,0.8775193798449612
15429,49903,0.7751937984496124
15429,29108,0.9007751937984496
15429,94659,0.8263565891472868
15429,29141,0.8372093023255814
14809,15429,0.8542635658914729
14826,15429,0.862015503875969
15429,40103,0.6651162790697674
14920,14922,0.703875968992248
14440,14920,0.8403100775193798
14920,29305,0.8062015503875969
14920,15502,0.7364341085271318
14920,49300,0.8465116279069768
14920,49308,0.8728682170542635
14920,49309,0.8325581395348837
14920,15011,0.8527131782945736
14920,40101,0.827906976744186
14920,40105,0.8806201550387597
14920,15021,0.8821705426356589
14920,29373,0.8136200716845878
4812,14920,0.772093023255814
14920,15054,0.875968992248062
14920,49901,0.8496124031007752
13039,14920,0.8837209302325582
14101,14920,0.8062015503875969
14920,15015,0.7875968992248062
14651,14920,0.813953488372093
1366,14920,0.7472868217054264
14920,15703,0.8635658914728682
14912,14920,0.8217054263565892
14920,40301,0.7937984496124031
14709,14920,0.8868217054263566
14203,14920,0.7426356589147287
14213,14920,0.8217054263565892
14920,39310,0.8666666666666667
14230,14920,0.8558139534883721
14920,29142,0.875968992248062
14812,14920,0.7891472868217054
14307,14920,0.8728682170542635
14921,29369,0.8418604651162791
14921,29548,0.8837209302325582
14921,15501,0.9085271317829458
14921,49306,0.8837209302325582
14921,49307,0.9147286821705426
14921,29345,0.9085271317829458
14503,14921,0.8914728682170543
14506,14921,0.8511627906976744
14921,15020,0.7534883720930232
14009,14921,0.9007751937984496
14921,15039,0.7302325581395349
14031,14921,0.8480620155038759
14921,29909,0.9069767441860465
14921,49700,0.9007751937984496
14921,29918,0.8542635658914729
14921,29936,0.9007751937984496
14921,15633,0.8790697674418605
14103,14921,0.8666666666666667
14921,29148,0.9038759689922481
14661,14921,0.6852713178294574
14921,29512,0.8883720930232558
12109,14921,0.8852713178294573
14921,29523,0.8868217054263566
14921,15701,0.8775193798449612
14921,49502,0.937984496124031
14921,29537,0.8728682170542635
14921,40300,0.8682170542635659
14921,40302,0.8077519379844961
14921,40303,0.9038759689922481
14921,40304,0.8945736434108527
14921,40305,0.896124031007752
14921,29555,0.8449612403100775
14712,14921,0.8403100775193798
14921,29566,0.8480620155038759
14921,15424,0.8666666666666667
14226,14921,0.9178294573643411
14921,49903,0.8232558139534883
14921,29108,0.9209302325581395
14921,94659,0.889922480620155
14921,29141,0.8573643410852713
14809,14921,0.8976744186046511
14826,14921,0.8573643410852713
14921,40103,0.703875968992248
14440,14922,0.6744186046511628
14922,29305,0.6914728682170542
14922,49300,0.6914728682170542
14922,49308,0.6821705426356589
14922,15011,0.6697674418604651
14922,40101,0.6635658914728683
14922,40105,0.6775193798449612
14922,15021,0.6852713178294574
14922,15054,0.7069767441860465
14922,49901,0.6744186046511628
13039,14922,0.6976744186046512
14101,14922,0.6511627906976745
14651,14922,0.6697674418604651
1366,14922,0.6806201550387597
14922,15703,0.7054263565891473
14912,14922,0.6527131782945736
14922,40301,0.6744186046511628
14709,14922,0.6961240310077519
14213,14922,0.6589147286821705
14922,39310,0.6666666666666666
14230,14922,0.6682170542635659
14922,29142,0.7007751937984497
14812,14922,0.6821705426356589
14307,14922,0.6821705426356589
29369,29548,0.8372093023255814
15501,29369,0.862015503875969
29369,49306,0.8511627906976744
29369,49307,0.8403100775193798
29345,29369,0.8527131782945736
14503,29369,0.8573643410852713
14506,29369,0.8232558139534883
15020,29369,0.7984496124031008
14009,29369,0.8465116279069768
15039,29369,0.6635658914728683
14031,29369,0.8
29369,29909,0.8542635658914729
29369,49700,0.8387596899224806
29369,29918,0.8217054263565892
29369,29936,0.813953488372093
15633,29369,0.7968992248062016
14103,29369,0.8232558139534883
29148,29369,0.8728682170542635
14661,29369,0.7286821705426356
29369,29512,0.8465116279069768
12109,29369,0.8217054263565892
29369,29523,0.8046511627906977
15701,29369,0.8573643410852713
29369,49502,0.8325581395348837
29369,29537,0.7968992248062016
29369,40300,0.813953488372093
29369,40302,0.8093023255813954
29369,40303,0.8651162790697674
29369,40304,0.8186046511627907
29369,40305,0.8294573643410853
29369,29555,0.7844961240310078
14712,29369,0.8232558139534883
29369,29566,0.7751937984496124
15424,29369,0.8093023255813954
14226,29369,0.8604651162790697
29369,49903,0.7875968992248062
29108,29369,0.8201550387596899
29369,94659,0.8449612403100775
29141,29369,0.8372093023255814
14809,29369,0.8294573643410853
14826,29369,0.7534883720930232
29369,40103,0.7441860465116279
14440,29305,0.813953488372093
14440,15502,0.765891472868217
14440,49300,0.8651162790697674
14440,49308,0.8713178294573644
14440,49309,0.8031007751937984
14440,15011,0.8527131782945736
14440,40101,0.8449612403100775
14440,40105,0.862015503875969
14440,15021,0.8837209302325582
14440,29373,0.8709677419354839
4812,14440,0.7798449612403101
14440,15054,0.8651162790697674
14440,49901,0.8496124031007752
13039,14440,0.8868217054263566
14101,14440,0.7767441860465116
14440,15015,0.7798449612403101
14440,14651,0.7922480620155039
1366,14440,0.7674418604651163
14440,15703,0.8387596899224806
14440,14912,0.8155038759689922
14440,40301,0.8108527131782945
14440,14709,0.8744186046511628
14203,14440,0.7596899224806202
14213,14440,0.8310077519379845
14440,39310,0.8403100775193798
14230,14440,0.8542635658914729
14440,29142,0.8868217054263566
14440,14812,0.813953488372093
14307,14440,0.8806201550387597
15502,29305,0.8062015503875969
29305,49300,0.8635658914728682
29305,49308,0.8418604651162791
29305,49309,0.7689922480620155
15011,29305,0.7968992248062016
29305,40101,0.813953488372093
29305,40105,0.834108527131783
15021,29305,0.8217054263565892
29305,29373,0.7956989247311828
4812,29305,0.7457364341085271
15054,29305,0.8651162790697674
29305,49901,0.8263565891472868
13039,29305,0.8201550387596899
29305,49905,0.6744186046511628
14101,29305,0.765891472868217
15015,29305,0.834108527131783
14651,29305,0.8232558139534883
14661,29305,0.662015503875969
1366,29305,0.7953488372093023
15703,29305,0.8728682170542635
14912,29305,0.8232558139534883
29305,40301,0.9302325581395349
14709,29305,0.8387596899224806
14203,29305,0.8372093023255814
14213,29305,0.8108527131782945
29305,39310,0.8449612403100775
14230,29305,0.8155038759689922
29142,29305,0.8434108527131783
14812,29305,0.8418604651162791
14307,29305,0.8325581395348837
29305,40103,0.7007751937984497
15501,29548,0.8635658914728682
29548,49306,0.8372093023255814
29548,49307,0.8480620155038759
29345,29548,0.8682170542635659
14503,29548,0.8604651162790697
14506,29548,0.8062015503875969
15020,29548,0.7302325581395349
14009,29548,0.8511627906976744
15039,29548,0.7162790697674418
14031,29548,0.8124031007751938
29548,29909,0.9038759689922481
29548,49700,0.8821705426356589
29548,29918,0.8325581395348837
29548,29936,0.9023255813953488
15633,29548,0.8434108527131783
14103,29548,0.8170542635658915
29148,29548,0.8821705426356589
14661,29548,0.6542635658914728
29512,29548,0.8868217054263566
12109,29548,0.8325581395348837
29523,29548,0.8449612403100775
15701,29548,0.8449612403100775
29548,49502,0.8744186046511628
29537,29548,0.8465116279069768
29548,40300,0.8124031007751938
29548,40302,0.7488372093023256
29548,40303,0.8930232558139535
29548,40304,0.8480620155038759
29548,40305,0.8837209302325582
29548,29555,0.8604651162790697
14712,29548,0.8108527131782945
29548,29566,0.8294573643410853
15424,29548,0.8527131782945736
14226,29548,0.875968992248062
29548,49903,0.7968992248062016
29108,29548,0.8744186046511628
29548,94659,0.8449612403100775
29141,29548,0.8294573643410853
14809,29548,0.8511627906976744
14826,29548,0.8201550387596899
29548,40103,0.6837209302325581
15501,49306,0.8790697674418605
15501,49307,0.9054263565891473
15501,29345,0.8914728682170543
14503,15501,0.8868217054263566
14506,15501,0.8465116279069768
15020,15501,0.7612403100775194
14009,15501,0.931782945736434
15039,15501,0.6914728682170542
14031,15501,0.8449612403100775
15501,29909,0.8821705426356589
15501,49700,0.8589147286821706
15501,29918,0.8496124031007752
15501,29936,0.8589147286821706
15501,15633,0.8496124031007752
14103,15501,0.8697674418604651
15501,29148,0.8806201550387597
14661,15501,0.6837209302325581
15501,29512,0.8821705426356589
12109,15501,0.8976744186046511
15501,29523,0.8449612403100775
15501,15701,0.8790697674418605
15501,49502,0.8837209302325582
15501,29537,0.8201550387596899
15501,40300,0.8604651162790697
15501,40302,0.8062015503875969
15501,40303,0.8806201550387597
15501,40304,0.8744186046511628
15501,40305,0.8728682170542635
15501,29555,0.8077519379844961
14712,15501,0.8356589147286821
15501,29566,0.8108527131782945
15424,15501,0.8403100775193798
14226,15501,0.8976744186046511
15501,49903,0.8217054263565892
15501,29108,0.9007751937984496
15501,94659,0.8945736434108527
15501,29141,0.8387596899224806
14809,15501,0.8682170542635659
14826,15501,0.834108527131783
15501,40103,0.7131782945736435
15502,49300,0.7736434108527132
15502,49308,0.7736434108527132
15502,49309,0.7178294573643411
15011,15502,0.737984496124031
15502,40101,0.7565891472868217
15502,40105,0.7581395348837209
15021,15502,0.7767441860465116
15502,29373,0.7311827956989247
4812,15502,0.6945736434108527
15054,15502,0.8015503875968992
15502,49901,0.765891472868217
13039,15502,0.7565891472868217
14101,15502,0.6883720930232559
15015,15502,0.7534883720930232
14651,15502,0.7565891472868217
1366,15502,0.7813953488372093
15502,15703,0.7953488372093023
14912,15502,0.7829457364341085
15502,40301,0.8124031007751938
14709,15502,0.772093023255814
14203,15502,0.7674418604651163
14213,15502,0.7488372093023256
15502,39310,0.7581395348837209
14230,15502,0.7767441860465116
15502,29142,0.7798449612403101
14812,15502,0.875968992248062
14307,15502,0.7798449612403101
15502,40103,0.6713178294573643
49300,49308,0.8914728682170543
49300,49309,0.7937984496124031
15011,49300,0.8682170542635659
40101,49300,0.8387596899224806
40105,49300,0.8775193798449612
15021,49300,0.8744186046511628
29373,49300,0.8530465949820788
4812,49300,0.7736434108527132
15054,49300,0.8775193798449612
49300,49901,0.8480620155038759
13039,49300,0.8775193798449612
49300,49905,0.6527131782945736
14101,49300,0.7891472868217054
15015,49300,0.8294573643410853
14651,49300,0.8294573643410853
1366,49300,0.7798449612403101
15703,49300,0.8666666666666667
14912,49300,0.8356589147286821
40301,49300,0.8372093023255814
14709,49300,0.8806201550387597
14203,49300,0.7844961240310078
14213,49300,0.8449612403100775
39310,49300,0.8744186046511628
14230,49300,0.8496124031007752
29142,49300,0.889922480620155
14812,49300,0.8093023255813954
14307,49300,0.8806201550387597
49306,49307,0.8806201550387597
29345,49306,0.875968992248062
14503,49306,0.8682170542635659
14506,49306,0.8294573643410853
15020,49306,0.7798449612403101
14009,49306,0.8728682170542635
15039,49306,0.7085271317829457
14031,49306,0.8248062015503876
29909,49306,0.8713178294573644
49306,49700,0.8480620155038759
29918,49306,0.8403100775193798
29936,49306,0.8232558139534883
15633,49306,0.8356589147286821
14103,49306,0.8527131782945736
29148,49306,0.8868217054263566
14661,49306,0.7224806201550388
29512,49306,0.8697674418604651
12109,49306,0.8558139534883721
29523,49306,0.8294573643410853
15701,49306,0.8496124031007752
49306,49502,0.8806201550387597
29537,49306,0.8201550387596899
40300,49306,0.8589147286821706
40302,49306,0.8108527131782945
40303,49306,0.8806201550387597
40304,49306,0.8480620155038759
40305,49306,0.889922480620155
29555,49306,0.8046511627906977
14712,49306,0.8558139534883721
29566,49306,0.7968992248062016
15424,49306,0.813953488372093
14226,49306,0.8790697674418605
49306,49903,0.8015503875968992
29108,49306,0.8558139534883721
49306,94659,0.8651162790697674
29141,49306,0.8449612403100775
14809,49306,0.8589147286821706
14826,49306,0.8031007751937984
40103,49306,0.7271317829457364
29345,49307,0.8837209302325582
14503,49307,0.9162790697674419
14506,49307,0.8527131782945736
15020,49307,0.7596899224806202
14009,49307,0.9131782945736434
15039,49307,0.7147286821705426
14031,49307,0.8294573643410853
29909,49307,0.8651162790697674
49307,49700,0.8449612403100775
29918,49307,0.8232558139534883
29936,49307,0.8310077519379845
15633,49307,0.8263565891472868
14103,49307,0.8635658914728682
29148,49307,0.8682170542635659
14661,49307,0.6945736434108527
29512,49307,0.8635658914728682
12109,49307,0.9038759689922481
29523,49307,0.8434108527131783
15701,49307,0.8604651162790697
49307,49502,0.9038759689922481
29537,49307,0.8077519379844961
40300,49307,0.8728682170542635
40302,49307,0.8217054263565892
40303,49307,0.8945736434108527
40304,49307,0.8697674418604651
40305,49307,0.8527131782945736
29555,49307,0.7984496124031008
14712,49307,0.8573643410852713
29566,49307,0.8077519379844961
15424,49307,0.8108527131782945
14226,49307,0.8930232558139535
49307,49903,0.8263565891472868
29108,49307,0.8713178294573644
49307,94659,0.8868217054263566
29141,49307,0.8356589147286821
14809,49307,0.8728682170542635
14826,49307,0.8201550387596899
40103,49307,0.7054263565891473
49308,49309,0.8263565891472868
15011,49308,0.8697674418604651
40101,49308,0.8480620155038759
40105,49308,0.8775193798449612
15021,49308,0.9100775193798449
29373,49308,0.8387096774193549
4812,49308,0.7937984496124031
15054,49308,0.9085271317829458
49308,49901,0.8465116279069768
13039,49308,0.9085271317829458
49308,49905,0.6697674418604651
14101,49308,0.7937984496124031
15015,49308,0.8170542635658915
14651,49308,0.8124031007751938
1366,49308,0.7875968992248062
15703,49308,0.8604651162790697
14912,49308,0.8527131782945736
40301,49308,0.8372093023255814
14709,49308,0.9085271317829458
14203,49308,0.7798449612403101
14213,49308,0.8558139534883721
39310,49308,0.9255813953488372
14230,49308,0.8775193798449612
29142,49308,0.9054263565891473
14812,49308,0.8155038759689922
14307,49308,0.9069767441860465
15011,49309,0.8356589147286821
40101,49309,0.813953488372093
40105,49309,0.8062015503875969
15021,49309,0.8496124031007752
29373,49309,0.7849462365591398
4812,49309,0.737984496124031
15054,49309,0.8217054263565892
49309,49901,0.8077519379844961
13039,49309,0.8465116279069768
49309,49905,0.648062015503876
14101,49309,0.7410852713178294
15015,49309,0.7674418604651163
14651,49309,0.7534883720930232
1366,49309,0.7503875968992249
15703,49309,0.827906976744186
14912,49309,0.8155038759689922
40301,49309,0.7457364341085271
14709,49309,0.8573643410852713
14203,49309,0.7116279069767442
14213,49309,0.8124031007751938
39310,49309,0.8186046511627907
14230,49309,0.8434108527131783
29142,49309,0.8558139534883721
14812,49309,0.7798449612403101
14307,49309,0.8604651162790697
14503,29345,0.8852713178294573
14506,29345,0.8232558139534883
15020,29345,0.7503875968992249
14009,29345,0.8682170542635659
15039,29345,0.7178294573643411
14031,29345,0.827906976744186
29345,29909,0.9038759689922481
29345,49700,0.8883720930232558
29345,29918,0.8604651162790697
29345,29936,0.8806201550387597
15633,29345,0.8806201550387597
14103,29345,0.8666666666666667
29148,29345,0.889922480620155
14661,29345,0.6775193798449612
29345,29512,0.8930232558139535
12109,29345,0.8558139534883721
29345,29523,0.8635658914728682
15701,29345,0.8883720930232558
29345,49502,0.8914728682170543
29345,29537,0.862015503875969
29345,40300,0.8372093023255814
29345,40302,0.7782945736434108
29345,40303,0.8883720930232558
29345,40304,0.8744186046511628
29345,40305,0.8806201550387597
29345,29555,0.8542635658914729
14712,29345,0.8232558139534883
29345,29566,0.8418604651162791
15424,29345,0.8697674418604651
14226,29345,0.9054263565891473
29345,49903,0.827906976744186
29108,29345,0.8883720930232558
29345,94659,0.9038759689922481
29141,29345,0.8387596899224806
14809,29345,0.9302325581395349
14826,29345,0.8263565891472868
29345,40103,0.7147286821705426
15011,40101,0.834108527131783
15011,40105,0.8697674418604651
15011,15021,0.8868217054263566
15011,29373,0.8207885304659498
4812,15011,0.7674418604651163
15011,15054,0.8480620155038759
15011,49901,0.8356589147286821
13039,15011,0.8790697674418605
14101,15011,0.7937984496124031
15011,15015,0.7736434108527132
14651,15011,0.7875968992248062
1366,15011,0.772093023255814
15011,15703,0.8325581395348837
14912,15011,0.8108527131782945
15011,40301,0.786046511627907
14709,15011,0.8837209302325582
14203,15011,0.7271317829457364
14213,15011,0.862015503875969
15011,39310,0.8728682170542635
14230,15011,0.862015503875969
15011,29142,0.8852713178294573
14812,15011,0.7891472868217054
14307,15011,0.8775193798449612
40101,40105,0.8418604651162791
15021,40101,0.8697674418604651
29373,40101,0.8172043010752689
4812,40101,0.7534883720930232
15054,40101,0.8465116279069768
40101,49901,0.827906976744186
13039,40101,0.8604651162790697
14101,40101,0.7581395348837209
15015,40101,0.7581395348837209
14651,40101,0.7875968992248062
1366,40101,0.765891472868217
15703,40101,0.8232558139534883
14912,40101,0.8
40101,40301,0.7937984496124031
14709,40101,0.8651162790697674
14203,40101,0.7565891472868217
14213,40101,0.8108527131782945
39310,40101,0.8403100775193798
14230,40101,0.8558139534883721
29142,40101,0.8589147286821706
14812,40101,0.8046511627906977
14307,40101,0.8651162790697674
14503,14506,0.8217054263565892
14503,15020,0.7612403100775194
14009,14503,0.8883720930232558
14503,15039,0.6976744186046512
14031,14503,0.8263565891472868
14503,29909,0.8713178294573644
14503,49700,0.8465116279069768
14503,29918,0.834108527131783
14503,29936,0.8325581395348837
14503,15633,0.8310077519379845
14103,14503,0.8465116279069768
14503,29148,0.8697674418604651
14503,14661,0.6806201550387597
14503,29512,0.8666666666666667
12109,14503,0.875968992248062
14503,29523,0.8496124031007752
14503,15701,0.8697674418604651
14503,49502,0.8914728682170543
14503,29537,0.813953488372093
14503,40300,0.8589147286821706
14503,40302,0.7984496124031008
14503,40303,0.8976744186046511
14503,40304,0.8511627906976744
14503,40305,0.8480620155038759
14503,29555,0.8
14503,14712,0.8511627906976744
14503,29566,0.8093023255813954
14503,15424,0.8217054263565892
14226,14503,0.8976744186046511
14503,49903,0.8093023255813954
14503,29108,0.8651162790697674
14503,94659,0.875968992248062
14503,29141,0.8480620155038759
14503,14809,0.8558139534883721
14503,14826,0.8077519379844961
14503,40103,0.7085271317829457
15021,40105,0.8821705426356589
29373,40105,0.8422939068100358
4812,40105,0.7689922480620155
15054,40105,0.8837209302325582
40105,49901,0.8589147286821706
13039,40105,0.8837209302325582
40105,49905,0.648062015503876
14101,40105,0.8031007751937984
15015,40105,0.8031007751937984
14651,40105,0.8418604651162791
1366,40105,0.7627906976744186
15703,40105,0.8573643410852713
14912,40105,0.8108527131782945
40105,40301,0.8294573643410853
14709,40105,0.8868217054263566
14203,40105,0.7596899224806202
14213,40105,0.8356589147286821
39310,40105,0.8682170542635659
14230,40105,0.862015503875969
29142,40105,0.8837209302325582
14812,40105,0.8046511627906977
14307,40105,0.8806201550387597
14506,15020,0.8077519379844961
14009,14506,0.8403100775193798
14506,15039,0.7317829457364341
14031,14506,0.765891472868217
14506,29909,0.8186046511627907
14506,49700,0.7953488372093023
14506,29918,0.7705426356589147
14506,29936,0.7891472868217054
14506,49905,0.6945736434108527
14506,15633,0.7953488372093023
14103,14506,0.8372093023255814
14506,29148,0.8310077519379845
14506,14661,0.7395348837209302
14506,29512,0.8046511627906977
12109,14506,0.8651162790697674
14506,29523,0.8294573643410853
14506,15701,0.8217054263565892
14506,49502,0.8573643410852713
14506,29537,0.7813953488372093
14506,40300,0.8527131782945736
14506,40302,0.8031007751937984
14506,40303,0.827906976744186
14506,40304,0.8604651162790697
14506,40305,0.8
14506,29555,0.7410852713178294
14506,14712,0.8511627906976744
14506,29566,0.7984496124031008
14506,15424,0.7643410852713178
14226,14506,0.8434108527131783
14506,49903,0.8325581395348837
14506,29108,0.8
14506,94659,0.8155038759689922
14506,29141,0.813953488372093
14506,14809,0.827906976744186
14506,14826,0.7906976744186046
14506,40103,0.703875968992248
14009,15020,0.7503875968992249
15020,15039,0.6713178294573643
14031,15020,0.6852713178294574
15020,29909,0.7426356589147287
15020,49700,0.7085271317829457
15020,29918,0.7069767441860465
15020,29936,0.7069767441860465
15020,49905,0.7317829457364341
15020,15633,0.7054263565891473
14103,15020,0.7612403100775194
15020,29148,0.7643410852713178
15015,15020,0.6511627906976745
14661,15020,0.7674418604651163
15020,29512,0.7302325581395349
12109,15020,0.7829457364341085
15020,29523,0.7767441860465116
15020,15701,0.751937984496124
15020,49502,0.7596899224806202
15020,29537,0.7224806201550388
15020,40300,0.7689922480620155
15020,40302,0.8170542635658915
15020,40303,0.7565891472868217
15020,40304,0.7503875968992249
15020,40305,0.7116279069767442
15020,29555,0.6806201550387597
14712,15020,0.8
15020,29566,0.7565891472868217
15020,15424,0.6806201550387597
14226,15020,0.7612403100775194
15020,49903,0.7891472868217054
15020,29108,0.7116279069767442
15020,94659,0.7503875968992249
15020,29141,0.751937984496124
14809,15020,0.7612403100775194
14826,15020,0.6914728682170542
15020,40103,0.7286821705426356
15021,29373,0.8781362007168458
4812,15021,0.8077519379844961
15021,15054,0.8992248062015504
15021,49901,0.8542635658914729
13039,15021,0.9271317829457364
14101,15021,0.7937984496124031
15015,15021,0.7953488372093023
14651,15021,0.8077519379844961
1366,15021,0.7937984496124031
15021,15703,0.8666666666666667
14912,15021,0.8573643410852713
15021,40301,0.8124031007751938
14709,15021,0.9209302325581395
14203,15021,0.7612403100775194
14213,15021,0.8775193798449612
15021,39310,0.9054263565891473
14230,15021,0.8976744186046511
15021,29142,0.9271317829457364
14812,15021,0.8310077519379845
14307,15021,0.9116279069767442
14009,15039,0.7007751937984497
14009,14031,0.8682170542635659
14009,29909,0.862015503875969
14009,49700,0.8573643410852713
14009,29918,0.8310077519379845
14009,29936,0.8325581395348837
14009,15633,0.8372093023255814
14009,14103,0.8728682170542635
14009,29148,0.8635658914728682
14009,14661,0.6837209302325581
14009,29512,0.8635658914728682
12109,14009,0.9116279069767442
14009,29523,0.8356589147286821
14009,15701,0.8682170542635659
14009,49502,0.8992248062015504
14009,29537,0.8093023255813954
14009,40300,0.8790697674418605
14009,40302,0.8015503875968992
14009,40303,0.8775193798449612
14009,40304,0.8868217054263566
14009,40305,0.8697674418604651
14009,29555,0.7906976744186046
14009,14712,0.8403100775193798
14009,29566,0.7984496124031008
14009,15424,0.827906976744186
14009,14226,0.896124031007752
14009,49903,0.8263565891472868
14009,29108,0.8790697674418605
14009,94659,0.8883720930232558
14009,29141,0.834108527131783
14009,14809,0.8558139534883721
14009,14826,0.8310077519379845
14009,40103,0.7007751937984497
4812,29373,0.8136200716845878
15054,29373,0.8494623655913979
29373,49901,0.8351254480286738
13039,29373,0.8494623655913979
14101,29373,0.7777777777777778
15015,29373,0.7885304659498208
14651,29373,0.7526881720430108
1366,29373,0.6738351254480287
15703,29373,0.8243727598566308
14912,29373,0.8100358422939068
29373,40301,0.7777777777777778
14709,29373,0.8279569892473119
14203,29373,0.7455197132616488
14213,29373,0.8207885304659498
29373,39310,0.8709677419354839
14230,29373,0.8351254480286738
29142,29373,0.8673835125448028
14812,29373,0.7634408602150538
14307,29373,0.8422939068100358
14031,15039,0.662015503875969
15039,29909,0.7116279069767442
15039,49700,0.724031007751938
15039,29918,0.6713178294573643
15039,29936,0.7426356589147287
15039,15633,0.7054263565891473
14103,15039,0.6868217054263566
15039,29148,0.7131782945736435
15039,29512,0.7023255813953488
12109,15039,0.7255813953488373
15039,29523,0.786046511627907
15039,15701,0.703875968992248
15039,49502,0.7255813953488373
15039,29537,0.7178294573643411
15039,40300,0.7364341085271318
15039,40302,0.6527131782945736
15039,40303,0.6914728682170542
15039,40304,0.7317829457364341
15039,40305,0.7193798449612403
15039,29555,0.7286821705426356
14712,15039,0.7255813953488373
15039,29566,0.7968992248062016
15039,15424,0.6945736434108527
14226,15039,0.7147286821705426
15039,49903,0.703875968992248
15039,29108,0.7193798449612403
15039,94659,0.689922480620155
15039,29141,0.6821705426356589
14809,15039,0.7224806201550388
14826,15039,0.765891472868217
4812,15054,0.7984496124031008
4812,49901,0.7550387596899225
4812,13039,0.8093023255813954
4812,14101,0.7255813953488373
4812,15015,0.7410852713178294
4812,14651,0.7302325581395349
1366,4812,0.689922480620155
4812,15703,0.7813953488372093
4812,14912,0.7457364341085271
4812,40301,0.7457364341085271
4812,14709,0.813953488372093
4812,14203,0.689922480620155
4812,14213,0.751937984496124
4812,39310,0.7705426356589147
4812,14230,0.7705426356589147
4812,29142,0.8015503875968992
4812,14812,0.7209302325581395
4812,14307,0.7922480620155039
15054,49901,0.8573643410852713
13039,15054,0.9100775193798449
15054,49905,0.6713178294573643
14101,15054,0.8
15015,15054,0.8217054263565892
14651,15054,0.8434108527131783
1366,15054,0.8015503875968992
15054,15703,0.8852713178294573
14912,15054,0.8542635658914729
15054,40301,0.8542635658914729
14709,15054,0.9100775193798449
14203,15054,0.8
14213,15054,0.8496124031007752
15054,39310,0.8697674418604651
14230,15054,0.8651162790697674
15054,29142,0.9162790697674419
14812,15054,0.8449612403100775
14307,15054,0.9085271317829458
14031,29909,0.827906976744186
14031,49700,0.8186046511627907
14031,29918,0.8155038759689922
14031,29936,0.8232558139534883
14031,15633,0.7968992248062016
14031,14103,0.8015503875968992
14031,29148,0.8263565891472868
14031,29512,0.827906976744186
12109,14031,0.8170542635658915
14031,29523,0.7968992248062016
14031,15701,0.8093023255813954
14031,49502,0.8217054263565892
14031,29537,0.7906976744186046
14031,40300,0.8015503875968992
14031,40302,0.737984496124031
14031,40303,0.8294573643410853
14031,40304,0.8155038759689922
14031,40305,0.8325581395348837
14031,29555,0.7736434108527132
14031,14712,0.7751937984496124
14031,29566,0.7534883720930232
14031,15424,0.8015503875968992
14031,14226,0.8372093023255814
14031,49903,0.7472868217054264
14031,29108,0.8449612403100775
14031,94659,0.8403100775193798
14031,29141,0.7875968992248062
14031,14809,0.8155038759689922
14031,14826,0.7922480620155039
14031,40103,0.6666666666666666
29909,49700,0.896124031007752
29909,29918,0.8821705426356589
29909,29936,0.896124031007752
15633,29909,0.8589147286821706
14103,29909,0.8372093023255814
29148,29909,0.9069767441860465
14661,29909,0.6713178294573643
29512,29909,0.9565891472868217
12109,29909,0.8387596899224806
29523,29909,0.8573643410852713
15701,29909,0.8465116279069768
29909,49502,0.8806201550387597
29537,29909,0.8682170542635659
29909,40300,0.8356589147286821
29909,40302,0.7705426356589147
29909,40303,0.9007751937984496
29909,40304,0.8666666666666667
29909,40305,0.9038759689922481
29555,29909,0.8589147286821706
14712,29909,0.8325581395348837
29566,29909,0.8418604651162791
15424,29909,0.8821705426356589
14226,29909,0.8852713178294573
29909,49903,0.7968992248062016
29108,29909,0.8930232558139535
29909,94659,0.8713178294573644
29141,29909,0.8713178294573644
14809,29909,0.8852713178294573
14826,29909,0.8232558139534883
29909,40103,0.7131782945736435
29918,49700,0.8651162790697674
29936,49700,0.8976744186046511
15633,49700,0.8666666666666667
14103,49700,0.8248062015503876
29148,49700,0.8930232558139535
14661,49700,0.6511627906976745
29512,49700,0.8837209302325582
12109,49700,0.8201550387596899
29523,49700,0.8573643410852713
15701,49700,0.8372093023255814
49502,49700,0.8837209302325582
29537,49700,0.8697674418604651
40300,49700,0.8077519379844961
40302,49700,0.7348837209302326
40303,49700,0.8806201550387597
40304,49700,0.8589147286821706
40305,49700,0.9023255813953488
29555,49700,0.8744186046511628
14712,49700,0.7953488372093023
29566,49700,0.834108527131783
15424,49700,0.8945736434108527
14226,49700,0.8837209302325582
49700,49903,0.786046511627907
29108,49700,0.9038759689922481
49700,94659,0.8790697674418605
29141,49700,0.8294573643410853
14809,49700,0.8713178294573644
14826,49700,0.8155038759689922
40103,49700,0.689922480620155
29918,29936,0.8403100775193798
15633,29918,0.8124031007751938
14103,29918,0.7937984496124031
29148,29918,0.8651162790697674
14661,29918,0.6542635658914728
29512,29918,0.8697674418604651
12109,29918,0.8
29523,29918,0.8170542635658915
15701,29918,0.8232558139534883
29918,49502,0.8372093023255814
29537,29918,0.8170542635658915
29918,40300,0.7953488372093023
29918,40302,0.7302325581395349
29918,40303,0.8480620155038759
29918,40304,0.813953488372093
29918,40305,0.8604651162790697
29555,29918,0.8124031007751938
14712,29918,0.7813953488372093
29566,29918,0.7906976744186046
15424,29918,0.8511627906976744
14226,29918,0.8589147286821706
29918,49903,0.751937984496124
29108,29918,0.8511627906976744
29918,94659,0.8511627906976744
29141,29918,0.827906976744186
14809,29918,0.8372093023255814
14826,29918,0.7922480620155039
29918,40103,0.6775193798449612
13039,49901,0.8604651162790697
49901,49905,0.6511627906976745
14101,49901,0.7968992248062016
15015,49901,0.8031007751937984
14651,49901,0.813953488372093
1366,49901,0.7550387596899225
15703,49901,0.8806201550387597
14912,49901,0.8186046511627907
40301,49901,0.8015503875968992
14709,49901,0.8728682170542635
14203,49901,0.772093023255814
14213,49901,0.834108527131783
39310,49901,0.8418604651162791
14230,49901,0.8356589147286821
29142,49901,0.8635658914728682
14812,49901,0.8108527131782945
14307,49901,0.8356589147286821
13039,49905,0.6589147286821705
13039,14101,0.8093023255813954
13039,15015,0.8124031007751938
13039,14651,0.8124031007751938
1366,13039,0.7844961240310078
13039,15703,0.8713178294573644
13039,14912,0.8496124031007752
13039,40301,0.8124031007751938
13039,14709,0.9224806201550387
13039,14203,0.7689922480620155
13039,14213,0.8542635658914729
13039,39310,0.875968992248062
13039,14230,0.889922480620155
13039,29142,0.9441860465116279
13039,14812,0.8217054263565892
13039,14307,0.9178294573643411
15633,29936,0.8527131782945736
14103,29936,0.7984496124031008
29148,29936,0.8635658914728682
29512,29936,0.8806201550387597
12109,29936,0.8124031007751938
29523,29936,0.8542635658914729
15701,29936,0.8356589147286821
29936,49502,0.875968992248062
29537,29936,0.8666666666666667
29936,40300,0.8
29936,40302,0.7333333333333333
29936,40303,0.8728682170542635
29936,40304,0.8558139534883721
29936,40305,0.8728682170542635
29555,29936,0.8744186046511628
14712,29936,0.7844961240310078
29566,29936,0.8480620155038759
15424,29936,0.8821705426356589
14226,29936,0.8775193798449612
29936,49903,0.7798449612403101
29108,29936,0.9069767441860465
29936,94659,0.8449612403100775
29141,29936,0.8263565891472868
14809,29936,0.8527131782945736
14826,29936,0.8434108527131783
29936,40103,0.6728682170542636
15015,49905,0.7410852713178294
14651,49905,0.6527131782945736
14661,49905,0.7317829457364341
15703,49905,0.689922480620155
14912,49905,0.6666666666666666
40301,49905,0.6682170542635659
40302,49905,0.6697674418604651
14709,49905,0.6573643410852713
39310,49905,0.6697674418604651
49903,49905,0.6697674418604651
29142,49905,0.6651162790697674
14307,49905,0.6542635658914728
40103,49905,0.6527131782945736
14103,15633,0.8372093023255814
15633,29148,0.8511627906976744
15633,29512,0.8542635658914729
12109,15633,0.8108527131782945
15633,29523,0.8325581395348837
15633,15701,0.8387596899224806
15633,49502,0.8558139534883721
15633,29537,0.8325581395348837
15633,40300,0.7953488372093023
15633,40302,0.7317829457364341
15633,40303,0.8403100775193798
15633,40304,0.8418604651162791
15633,40305,0.8542635658914729
15633,29555,0.827906976744186
14712,15633,0.786046511627907
15633,29566,0.8062015503875969
15424,15633,0.8589147286821706
14226,15633,0.8635658914728682
15633,49903,0.7829457364341085
15633,29108,0.8573643410852713
15633,94659,0.8465116279069768
15633,29141,0.8077519379844961
14809,15633,0.8635658914728682
14826,15633,0.7968992248062016
15633,40103,0.6728682170542636
14101,15015,0.7891472868217054
14101,14651,0.7705426356589147
1366,14101,0.6961240310077519
14101,15703,0.8093023255813954
14101,14912,0.765891472868217
14101,40301,0.7426356589147287
14101,14709,0.8062015503875969
14101,14203,0.7054263565891473
14101,14213,0.8062015503875969
14101,39310,0.8031007751937984
14101,14230,0.7767441860465116
14101,29142,0.8077519379844961
14101,14812,0.724031007751938
14101,14307,0.786046511627907
14103,29148,0.8356589147286821
14103,14661,0.6976744186046512
14103,29512,0.8372093023255814
12109,14103,0.8713178294573644
14103,29523,0.8155038759689922
14103,15701,0.8527131782945736
14103,49502,0.8682170542635659
14103,29537,0.7844961240310078
14103,40300,0.8558139534883721
14103,40302,0.8015503875968992
14103,40303,0.8480620155038759
14103,40304,0.8542635658914729
14103,40305,0.827906976744186
14103,29555,0.765891472868217
14103,14712,0.8403100775193798
14103,29566,0.7968992248062016
14103,15424,0.7844961240310078
14103,14226,0.8589147286821706
14103,49903,0.8232558139534883
14103,29108,0.8310077519379845
14103,94659,0.8480620155038759
14103,29141,0.8124031007751938
14103,14809,0.8511627906976744
14103,14826,0.7751937984496124
14103,40103,0.6945736434108527
14661,29148,0.6976744186046512
29148,29512,0.8883720930232558
12109,29148,0.834108527131783
29148,29523,0.8527131782945736
15701,29148,0.8558139534883721
29148,49502,0.8806201550387597
29148,29537,0.8604651162790697
29148,40300,0.8294573643410853
29148,40302,0.7844961240310078
29148,40303,0.8992248062015504
29148,40304,0.8682170542635659
29148,40305,0.8992248062015504
29148,29555,0.8325581395348837
14712,29148,0.8496124031007752
29148,29566,0.8232558139534883
15424,29148,0.8558139534883721
14226,29148,0.8728682170542635
29148,49903,0.8077519379844961
29108,29148,0.8883720930232558
29148,94659,0.875968992248062
29141,29148,0.8573643410852713
14809,29148,0.8697674418604651
14826,29148,0.813953488372093
29148,40103,0.7178294573643411
14651,15015,0.8108527131782945
14661,15015,0.6852713178294574
1366,15015,0.7395348837209302
15015,15703,0.8542635658914729
14912,15015,0.8201550387596899
15015,40301,0.8124031007751938
14709,15015,0.8248062015503876
14203,15015,0.7844961240310078
14213,15015,0.7875968992248062
15015,39310,0.8186046511627907
14230,15015,0.7782945736434108
15015,29142,0.8310077519379845
14812,15015,0.7705426356589147
14307,15015,0.813953488372093
15015,40103,0.7302325581395349
14651,14661,0.6496124031007752
1366,14651,0.7674418604651163
14651,15703,0.8356589147286821
14651,14912,0.7891472868217054
14651,40301,0.8294573643410853
14651,14709,0.8186046511627907
14203,14651,0.7674418604651163
14213,14651,0.772093023255814
14651,39310,0.8124031007751938
14230,14651,0.7767441860465116
14651,29142,0.8201550387596899
14651,14812,0.7689922480620155
14307,14651,0.8124031007751938
14651,40103,0.6790697674418604
14661,29512,0.662015503875969
12109,14661,0.7147286821705426
14661,29523,0.6930232558139535
14661,15701,0.6728682170542636
14661,49502,0.6806201550387597
14661,29537,0.6558139534883721
14661,40300,0.7116279069767442
14661,40301,0.6511627906976745
14661,40302,0.7565891472868217
14661,40303,0.6930232558139535
14661,40304,0.6837209302325581
14661,40305,0.6542635658914728
14661,14712,0.7364341085271318
14661,29566,0.6790697674418604
14226,14661,0.7007751937984497
14661,49903,0.7224806201550388
14661,29108,0.6573643410852713
14661,94659,0.6790697674418604
14661,29141,0.6775193798449612
14661,14809,0.6914728682170542
14661,14826,0.6666666666666666
14661,40103,0.6992248062015504
12109,29512,0.8372093023255814
29512,29523,0.8496124031007752
15701,29512,0.8465116279069768
29512,49502,0.8666666666666667
29512,29537,0.8496124031007752
29512,40300,0.8232558139534883
29512,40302,0.7689922480620155
29512,40303,0.8930232558139535
29512,40304,0.8480620155038759
29512,40305,0.8945736434108527
29512,29555,0.8372093023255814
14712,29512,0.8248062015503876
29512,29566,0.8434108527131783
15424,29512,0.8697674418604651
14226,29512,0.8852713178294573
29512,49903,0.7875968992248062
29108,29512,0.8852713178294573
29512,94659,0.8713178294573644
29141,29512,0.8542635658914729
14809,29512,0.8775193798449612
14826,29512,0.8108527131782945
29512,40103,0.7069767441860465
12109,29523,0.8542635658914729
12109,15701,0.8527131782945736
12109,49502,0.8821705426356589
12109,29537,0.7798449612403101
12109,40300,0.9069767441860465
12109,40302,0.8232558139534883
12109,40303,0.8589147286821706
12109,40304,0.8542635658914729
12109,40305,0.8217054263565892
12109,29555,0.7674418604651163
12109,14712,0.8589147286821706
12109,29566,0.827906976744186
12109,15424,0.786046511627907
12109,14226,0.8744186046511628
12109,49903,0.8325581395348837
12109,29108,0.8465116279069768
12109,94659,0.8635658914728682
12109,29141,0.8217054263565892
12109,14809,0.8449612403100775
12109,14826,0.8062015503875969
12109,40103,0.6883720930232559
15701,29523,0.8294573643410853
29523,49502,0.8635658914728682
29523,29537,0.8387596899224806
29523,40300,0.8496124031007752
29523,40302,0.765891472868217
29523,40303,0.8403100775193798
29523,40304,0.8372093023255814
29523,40305,0.8511627906976744
29523,29555,0.8186046511627907
14712,29523,0.8248062015503876
29523,29566,0.8806201550387597
15424,29523,0.8356589147286821
14226,29523,0.8713178294573644
29523,49903,0.8263565891472868
29108,29523,0.8558139534883721
29523,94659,0.8449612403100775
29141,29523,0.8031007751937984
14809,29523,0.8790697674418605
14826,29523,0.8201550387596899
29523,40103,0.6713178294573643
15701,49502,0.8713178294573644
15701,29537,0.8077519379844961
15701,40300,0.8480620155038759
15701,40302,0.7751937984496124
15701,40303,0.862015503875969
15701,40304,0.834108527131783
15701,40305,0.8356589147286821
15701,29555,0.8046511627906977
14712,15701,0.8217054263565892
15701,29566,0.7968992248062016
15424,15701,0.8108527131782945
14226,15701,0.8868217054263566
15701,49903,0.8077519379844961
15701,29108,0.8480620155038759
15701,94659,0.862015503875969
15701,29141,0.8232558139534883
14809,15701,0.8527131782945736
14826,15701,0.7782945736434108
15701,40103,0.7116279069767442
1366,15703,0.786046511627907
1366,14912,0.7534883720930232
1366,40301,0.7953488372093023
1366,14709,0.7968992248062016
1366,14203,0.737984496124031
1366,14213,0.7488372093023256
1366,39310,0.7705426356589147
1366,14230,0.7937984496124031
1366,29142,0.786046511627907
1366,14812,0.8263565891472868
1366,14307,0.7953488372093023
1366,40103,0.6697674418604651
14912,15703,0.8418604651162791
15703,40301,0.8449612403100775
14709,15703,0.8914728682170543
14203,15703,0.7829457364341085
14213,15703,0.8480620155038759
15703,39310,0.8604651162790697
14230,15703,0.8449612403100775
15703,29142,0.875968992248062
14812,15703,0.8387596899224806
14307,15703,0.8651162790697674
15703,40103,0.6635658914728683
14912,40301,0.8108527131782945
14709,14912,0.8635658914728682
14203,14912,0.7751937984496124
14213,14912,0.827906976744186
14912,39310,0.8651162790697674
14230,14912,0.827906976744186
14912,29142,0.862015503875969
14812,14912,0.8108527131782945
14307,14912,0.8527131782945736
29537,49502,0.8542635658914729
40300,49502,0.8728682170542635
40302,49502,0.7984496124031008
40303,49502,0.8945736434108527
40304,49502,0.8945736434108527
40305,49502,0.8790697674418605
29555,49502,0.8217054263565892
14712,49502,0.8434108527131783
29566,49502,0.8356589147286821
15424,49502,0.8465116279069768
14226,49502,0.9069767441860465
49502,49903,0.8310077519379845
29108,49502,0.8883720930232558
49502,94659,0.8666666666666667
29141,49502,0.8480620155038759
14809,49502,0.8806201550387597
14826,49502,0.8434108527131783
40103,49502,0.7007751937984497
29537,40300,0.7813953488372093
29537,40302,0.7395348837209302
29537,40303,0.8387596899224806
29537,40304,0.8403100775193798
29537,40305,0.8542635658914729
29537,29555,0.8651162790697674
14712,29537,0.7875968992248062
29537,29566,0.8093023255813954
15424,29537,0.8651162790697674
14226,29537,0.8604651162790697
29537,49903,0.7643410852713178
29108,29537,0.8635658914728682
29537,94659,0.8232558139534883
29141,29537,0.8155038759689922
14809,29537,0.8480620155038759
14826,29537,0.8170542635658915
29537,40103,0.6790697674418604
40300,40302,0.8015503875968992
40300,40303,0.8418604651162791
40300,40304,0.8558139534883721
40300,40305,0.8124031007751938
29555,40300,0.7612403100775194
14712,40300,0.8651162790697674
29566,40300,0.8077519379844961
15424,40300,0.7767441860465116
14226,40300,0.8527131782945736
40300,49903,0.8155038759689922
29108,40300,0.8201550387596899
40300,94659,0.8511627906976744
29141,40300,0.8077519379844961
14809,40300,0.8449612403100775
14826,40300,0.7844961240310078
40103,40300,0.6852713178294574
14709,40301,0.8248062015503876
14203,40301,0.8201550387596899
14213,40301,0.7829457364341085
39310,40301,0.8325581395348837
14230,40301,0.8062015503875969
29142,40301,0.8263565891472868
14812,40301,0.8372093023255814
14307,40301,0.8263565891472868
40103,40301,0.710077519379845
40302,40303,0.8062015503875969
40302,40304,0.786046511627907
40302,40305,0.7534883720930232
29555,40302,0.6914728682170542
14712,40302,0.8031007751937984
29566,40302,0.7302325581395349
15424,40302,0.7162790697674418
14226,40302,0.8
40302,49903,0.7736434108527132
29108,40302,0.7534883720930232
40302,94659,0.786046511627907
29141,40302,0.7689922480620155
14809,40302,0.7798449612403101
14826,40302,0.7255813953488373
40103,40302,0.7193798449612403
40303,40304,0.8527131782945736
40303,40305,0.8697674418604651
29555,40303,0.8310077519379845
14712,40303,0.8465116279069768
29566,40303,0.8170542635658915
15424,40303,0.8542635658914729
14226,40303,0.9116279069767442
40303,49903,0.7968992248062016
29108,40303,0.8821705426356589
40303,94659,0.8837209302325582
29141,40303,0.8604651162790697
14809,40303,0.8558139534883721
14826,40303,0.8077519379844961
40103,40303,0.7193798449612403
40304,40305,0.8589147286821706
29555,40304,0.8015503875968992
14712,40304,0.8248062015503876
29566,40304,0.8108527131782945
15424,40304,0.8248062015503876
14226,40304,0.8682170542635659
40304,49903,0.8124031007751938
29108,40304,0.8635658914728682
40304,94659,0.8418604651162791
29141,40304,0.827906976744186
14809,40304,0.8558139534883721
14826,40304,0.8372093023255814
40103,40304,0.6992248062015504
29555,40305,0.8527131782945736
14712,40305,0.8186046511627907
29566,40305,0.8201550387596899
15424,40305,0.8806201550387597
14226,40305,0.8790697674418605
40305,49903,0.786046511627907
29108,40305,0.8976744186046511
40305,94659,0.8604651162790697
29141,40305,0.8325581395348837
14809,40305,0.8635658914728682
14826,40305,0.834108527131783
40103,40305,0.7007751937984497
14712,29555,0.7565891472868217
29555,29566,0.8108527131782945
15424,29555,0.8728682170542635
14226,29555,0.8372093023255814
29555,49903,0.7612403100775194
29108,29555,0.862015503875969
29555,94659,0.8108527131782945
29141,29555,0.7844961240310078
14809,29555,0.834108527131783
14826,29555,0.8093023255813954
29555,40103,0.6635658914728683
14203,14709,0.7782945736434108
14213,14709,0.8697674418604651
14709,39310,0.8852713178294573
14230,14709,0.889922480620155
14709,29142,0.9255813953488372
14709,14812,0.827906976744186
14307,14709,0.9023255813953488
14712,29566,0.8108527131782945
14712,15424,0.7643410852713178
14226,14712,0.8263565891472868
14712,49903,0.8325581395348837
14712,29108,0.8077519379844961
14712,94659,0.8294573643410853
14712,29141,0.8015503875968992
14712,14809,0.8294573643410853
14712,14826,0.765891472868217
14712,40103,0.7023255813953488
14203,14213,0.7333333333333333
14203,39310,0.7875968992248062
14203,14230,0.7488372093023256
14203,29142,0.7798449612403101
14203,14812,0.7844961240310078
14203,14307,0.786046511627907
14203,40103,0.6930232558139535
15424,29566,0.8031007751937984
14226,29566,0.8232558139534883
29566,49903,0.7844961240310078
29108,29566,0.8248062015503876
29566,94659,0.813953488372093
29141,29566,0.7875968992248062
14809,29566,0.8418604651162791
14826,29566,0.7953488372093023
29566,40103,0.6527131782945736
14226,15424,0.862015503875969
15424,49903,0.7612403100775194
15424,29108,0.8728682170542635
15424,94659,0.8403100775193798
15424,29141,0.8093023255813954
14809,15424,0.8511627906976744
14826,15424,0.8
15424,40103,0.6806201550387597
14213,39310,0.8744186046511628
14213,14230,0.8542635658914729
14213,29142,0.8744186046511628
14213,14812,0.8
14213,14307,0.8589147286821706
14230,39310,0.8589147286821706
29142,39310,0.8883720930232558
14812,39310,0.7968992248062016
14307,39310,0.8666666666666667
14226,49903,0.8232558139534883
14226,29108,0.896124031007752
14226,94659,0.8868217054263566
14226,29141,0.8713178294573644
14226,14809,0.8790697674418605
14226,14826,0.8294573643410853
14226,40103,0.7178294573643411
14230,29142,0.889922480620155
14230,14812,0.8263565891472868
14230,14307,0.9100775193798449
29108,49903,0.7922480620155039
49903,94659,0.8093023255813954
29141,49903,0.7875968992248062
14809,49903,0.8263565891472868
14826,49903,0.7581395348837209
40103,49903,0.6945736434108527
29108,94659,0.8790697674418605
29108,29141,0.8372093023255814
14809,29108,0.8651162790697674
14826,29108,0.8511627906976744
29108,40103,0.6775193798449612
29141,94659,0.8248062015503876
14809,94659,0.8852713178294573
14826,94659,0.7891472868217054
40103,94659,0.7147286821705426
14809,29141,0.8108527131782945
14826,29141,0.7813953488372093
29141,40103,0.6775193798449612
14812,29142,0.8310077519379845
14307,29142,0.924031007751938
14809,14826,0.8062015503875969
14809,40103,0.6976744186046512
14307,14812,0.8201550387596899
14812,40103,0.6666666666666666
